Class,Count,Percentage,Class Weight
Normal,6900,25.081788440567067,1.3289855072463768
Offensive,19218,69.85823336968376,0.47715683213653864
Hate Speech,1392,5.059978189749182,6.587643678160919
