,Missing Count,Percentage (%)
label,222,0.7841198078553263
label_name,222,0.7841198078553263
